{
  "ics_seconds": 4.263683795928955,
  "rows": [
    {
      "family": "gmm",
      "d": 2,
      "idx": 0,
      "b2": {
        "sw2": 0.011658468329059986,
        "mode_recovery": 1.0,
        "ess_frac_n": 0.9929697664569769,
        "ess_frac_2n": 0.9929485160878225,
        "stable": true,
        "logz": -0.0009976475006432395,
        "d2_hat": 0.007076463121116205,
        "n2": 8192
      },
      "b3": {
        "sw2": 3.1117692561227606,
        "mode_recovery": 1.0
      },
      "b4": {
        "sw2": 29.845267885440066,
        "mode_recovery": 0.42857142857142855,
        "sample_seconds": 7.3946216106414795,
        "adapt_seconds": 18.138042449951172
      },
      "seconds": 100.7
    },
    {
      "family": "gmm",
      "d": 4,
      "idx": 0,
      "b2": {
        "sw2": 0.0029103872343198755,
        "mode_recovery": 1.0,
        "ess_frac_n": 0.9950751021740726,
        "ess_frac_2n": 0.9952339422359913,
        "stable": true,
        "logz": -0.0010815535654025155,
        "d2_hat": 0.004777451634291573,
        "n2": 8192
      },
      "b3": {
        "sw2": 3.139364600325568,
        "mode_recovery": 0.5
      },
      "b4": {
        "sw2": 0.7879939062466571,
        "mode_recovery": 0.75,
        "sample_seconds": 5.792073011398315,
        "adapt_seconds": 24.330711603164673
      },
      "seconds": 93.8
    },
    {
      "family": "dwell",
      "d": 2,
      "idx": 0,
      "b2": {
        "sw2": 0.00039137638658325713,
        "mode_recovery": 1.0,
        "ess_frac_n": 0.9983248641912468,
        "ess_frac_2n": 0.9982650091995495,
        "stable": true,
        "logz": -0.00015917873562898421,
        "d2_hat": 0.0017364976401435296,
        "n2": 8192
      },
      "b3": {
        "sw2": 19.028674493456414,
        "mode_recovery": 0.75
      },
      "b4": {
        "sw2": 0.8146425896874236,
        "mode_recovery": 0.75,
        "sample_seconds": 5.972063064575195,
        "adapt_seconds": 13.163264513015747
      },
      "seconds": 79.4
    },
    {
      "family": "dwell",
      "d": 4,
      "idx": 0,
      "b2": {
        "sw2": 0.0005832931948098505,
        "mode_recovery": 1.0,
        "ess_frac_n": 0.9985878518381267,
        "ess_frac_2n": 0.9986496082406677,
        "stable": true,
        "logz": -0.0017477422971587941,
        "d2_hat": 0.0013513043599555348,
        "n2": 8192
      },
      "b3": {
        "sw2": 14.717583732340913,
        "mode_recovery": 1.0
      },
      "b4": {
        "sw2": 0.09203609817872703,
        "mode_recovery": 1.0,
        "sample_seconds": 5.033616304397583,
        "adapt_seconds": 19.259524822235107
      },
      "seconds": 88.3
    },
    {
      "family": "funnel",
      "d": 2,
      "idx": 0,
      "b2": {
        "sw2": 4.958736114167667,
        "mode_recovery": null,
        "ess_frac_n": 0.9902174822882884,
        "ess_frac_2n": 0.990023644241984,
        "stable": true,
        "logz": -0.0013685114286481337,
        "d2_hat": 0.010026453065986402,
        "n2": 8192
      },
      "b3": {
        "sw2": 24.312775302224995,
        "mode_recovery": null
      },
      "b4": {
        "sw2": 5.040273558279387,
        "mode_recovery": null,
        "sample_seconds": 6.105288505554199,
        "adapt_seconds": 13.298088550567627
      },
      "seconds": 81.1
    },
    {
      "family": "funnel",
      "d": 4,
      "idx": 0,
      "b2": {
        "sw2": 0.2577996007667753,
        "mode_recovery": null,
        "ess_frac_n": 0.9901508325224256,
        "ess_frac_2n": 0.9904548338135961,
        "stable": true,
        "logz": -0.0029930437100915697,
        "d2_hat": 0.009591013263733605,
        "n2": 8192
      },
      "b3": {
        "sw2": 25.31659601409078,
        "mode_recovery": null
      },
      "b4": {
        "sw2": 2.6545205449021294,
        "mode_recovery": null,
        "sample_seconds": 5.106989622116089,
        "adapt_seconds": 19.42124342918396
      },
      "seconds": 83.0
    },
    {
      "family": "warp",
      "d": 2,
      "idx": 0,
      "b2": {
        "sw2": 0.0010827050711744333,
        "mode_recovery": null,
        "ess_frac_n": 0.9997758480539648,
        "ess_frac_2n": 0.9997242255843118,
        "stable": true,
        "logz": -0.0001001017321655695,
        "d2_hat": 0.00027581244844479926,
        "n2": 8192
      },
      "b3": {
        "sw2": 0.010016774961658802,
        "mode_recovery": null
      },
      "b4": {
        "sw2": 0.004655261902026884,
        "mode_recovery": null,
        "sample_seconds": 7.8992085456848145,
        "adapt_seconds": 15.146318197250366
      },
      "seconds": 83.6
    },
    {
      "family": "warp",
      "d": 4,
      "idx": 0,
      "b2": {
        "sw2": 0.0076758353247563926,
        "mode_recovery": null,
        "ess_frac_n": 0.9977759938972242,
        "ess_frac_2n": 0.9977870269398893,
        "stable": true,
        "logz": -0.0005112378145319951,
        "d2_hat": 0.00221542530349342,
        "n2": 8192
      },
      "b3": {
        "sw2": 2136.7605534861254,
        "mode_recovery": null
      },
      "b4": {
        "sw2": 0.11545621870002651,
        "mode_recovery": null,
        "sample_seconds": 6.220269203186035,
        "adapt_seconds": 22.867997646331787
      },
      "seconds": 88.6
    },
    {
      "family": "banana",
      "d": 2,
      "idx": 0,
      "b2": {
        "sw2": 0.006234233242216903,
        "mode_recovery": null,
        "ess_frac_n": 0.9982967630066848,
        "ess_frac_2n": 0.9983567037102071,
        "stable": true,
        "logz": 0.0003225114063560852,
        "d2_hat": 0.001644647982164566,
        "n2": 8192
      },
      "b3": {
        "sw2": 19.230581336304137,
        "mode_recovery": null
      },
      "b4": {
        "sw2": 0.05119846938804133,
        "mode_recovery": null,
        "sample_seconds": 6.612691879272461,
        "adapt_seconds": 13.555263996124268
      },
      "seconds": 82.3
    },
    {
      "family": "banana",
      "d": 4,
      "idx": 0,
      "b2": {
        "sw2": 0.001719727368978019,
        "mode_recovery": null,
        "ess_frac_n": 0.9837875217584363,
        "ess_frac_2n": 0.9797057255650529,
        "stable": true,
        "logz": -0.002480987351075825,
        "d2_hat": 0.02050303244625696,
        "n2": 8192
      },
      "b3": {
        "sw2": 18.70453193377851,
        "mode_recovery": null
      },
      "b4": {
        "sw2": 0.027308773419505605,
        "mode_recovery": null,
        "sample_seconds": 5.577904939651489,
        "adapt_seconds": 19.933886766433716
      },
      "seconds": 83.1
    },
    {
      "family": "funnelmix",
      "d": 2,
      "idx": 0,
      "b2": {
        "sw2": 0.00749662138633444,
        "mode_recovery": 1.0,
        "ess_frac_n": 0.9993758565309312,
        "ess_frac_2n": 0.9993642662090934,
        "stable": true,
        "logz": -0.0006251233033687242,
        "d2_hat": 0.0006359359553194686,
        "n2": 8192
      },
      "b3": {
        "sw2": 3.3379973385189587,
        "mode_recovery": 1.0
      },
      "b4": {
        "sw2": 3.2079406631837912,
        "mode_recovery": 0.5,
        "sample_seconds": 6.637697458267212,
        "adapt_seconds": 14.094992637634277
      },
      "seconds": 84.1
    },
    {
      "family": "funnelmix",
      "d": 4,
      "idx": 0,
      "b2": {
        "sw2": 0.052375356691301014,
        "mode_recovery": 1.0,
        "ess_frac_n": 0.9895208776820256,
        "ess_frac_2n": 0.9891332255003155,
        "stable": true,
        "logz": -0.004597704117196955,
        "d2_hat": 0.010926249151236056,
        "n2": 8192
      },
      "b3": {
        "sw2": 188119.52858307713,
        "mode_recovery": 1.0
      },
      "b4": {
        "sw2": 34.881588951693985,
        "mode_recovery": 0.5,
        "sample_seconds": 6.05332088470459,
        "adapt_seconds": 21.95265555381775
      },
      "seconds": 87.9
    }
  ]
}