{
  "gate": "ii",
  "pairs": [
    {
      "pair": 0,
      "passed": true,
      "sw2": 0.0035838399603519227,
      "sw2_floor": 0.0017787110077939097,
      "sw2_wrong_context": 4.186322212457461,
      "ess_frac_n": 0.7965044262545012,
      "ess_frac_2n": 0.7957045120534416,
      "stable": true,
      "logz": -0.0036924083259890494,
      "d2_hat": 0.22852737806873868,
      "n2": 16384
    },
    {
      "pair": 1,
      "passed": true,
      "sw2": 0.0018418173233934354,
      "sw2_floor": 0.001044235544141201,
      "sw2_wrong_context": 4.950388789465964,
      "ess_frac_n": 0.848409418044985,
      "ess_frac_2n": 0.8399189045105763,
      "stable": true,
      "logz": 0.0022343398997595187,
      "d2_hat": 0.17444993405459464,
      "n2": 16384
    }
  ],
  "seconds_train": 693.3,
  "passed": true
}