{
  "gate": "iii-128",
  "targets": [
    {
      "family": "gmm",
      "d": 2,
      "sw2_ref": 0.013196505599176043,
      "t1": {
        "passed": false,
        "sw2": 1.7685981305587566,
        "ratio": 134.0201856671196,
        "mode_recovery": 0.7142857142857143,
        "ess_frac_n": 0.0041903870191182,
        "ess_frac_2n": 0.005119283834199236,
        "stable": true,
        "logz": 0.153417383267902,
        "d2_hat": 5.274740725847261,
        "n2": 8192
      },
      "t5": {
        "passed": false,
        "sw2": 1.1016196578215587,
        "ratio": 83.47813362730973,
        "mode_recovery": 0.8571428571428571,
        "ess_frac_n": 0.040606664551121406,
        "ess_frac_2n": 0.0601789923327729,
        "stable": true,
        "logz": -0.0020806351458624306,
        "d2_hat": 2.8104319521415455,
        "n2": 8192
      }
    },
    {
      "family": "gmm",
      "d": 2,
      "sw2_ref": 0.0003819912963264722,
      "t1": {
        "passed": true,
        "sw2": 0.007344161076782978,
        "ratio": 19.22599061133117,
        "mode_recovery": 1.0,
        "ess_frac_n": 0.940400971935812,
        "ess_frac_2n": 0.9417866666040534,
        "stable": true,
        "logz": -0.0012244331232267314,
        "d2_hat": 0.059976498626845384,
        "n2": 8192
      },
      "t5": {
        "passed": false,
        "sw2": 0.15327624417848737,
        "ratio": 401.2558549174076,
        "mode_recovery": 1.0,
        "ess_frac_n": 0.6451232813715528,
        "ess_frac_2n": 0.6383149494410435,
        "stable": true,
        "logz": -0.001234401341365654,
        "d2_hat": 0.44892346628148694,
        "n2": 8192
      }
    },
    {
      "family": "gmm",
      "d": 4,
      "sw2_ref": 0.019548674322548868,
      "t1": {
        "passed": false,
        "sw2": 6.847349569873639,
        "ratio": 350.271811627421,
        "mode_recovery": 0.4,
        "ess_frac_n": 0.0036753412668195525,
        "ess_frac_2n": 0.003228859934008165,
        "stable": true,
        "logz": -1.5316146410225553,
        "d2_hat": 5.735626165660561,
        "n2": 8192
      },
      "t5": {
        "passed": false,
        "sw2": 4.874944269240535,
        "ratio": 249.37467312642363,
        "mode_recovery": 0.6,
        "ess_frac_n": 0.008055634559129204,
        "ess_frac_2n": 0.006881946107359889,
        "stable": true,
        "logz": -0.7245445693333785,
        "d2_hat": 4.978853802593644,
        "n2": 8192
      }
    },
    {
      "family": "gmm",
      "d": 4,
      "sw2_ref": 0.006817744189308815,
      "t1": {
        "passed": false,
        "sw2": 1.8504142752678425,
        "ratio": 271.41151440817526,
        "mode_recovery": 1.0,
        "ess_frac_n": 0.035013553890746035,
        "ess_frac_2n": 0.019051918141001645,
        "stable": false,
        "logz": 0.023844340455536184,
        "d2_hat": 3.960587492661947,
        "n2": 8192
      },
      "t5": {
        "passed": false,
        "sw2": 1.5705186858352311,
        "ratio": 230.35752621783993,
        "mode_recovery": 0.875,
        "ess_frac_n": 0.044249382267013644,
        "ess_frac_2n": 0.009331545766454893,
        "stable": false,
        "logz": 0.06274667831507941,
        "d2_hat": 4.674354600840992,
        "n2": 8192
      }
    },
    {
      "family": "gmm",
      "d": 8,
      "sw2_ref": 0.00044244085101040684,
      "t1": {
        "passed": true,
        "sw2": 0.03614652233911189,
        "ratio": 81.69797670482664,
        "mode_recovery": 1.0,
        "ess_frac_n": 0.3095107786418076,
        "ess_frac_2n": 0.2775851863880911,
        "stable": true,
        "logz": -0.014542396219136222,
        "d2_hat": 1.2816274149286428,
        "n2": 8192
      },
      "t5": {
        "passed": false,
        "sw2": 0.5081806984051003,
        "ratio": 1148.5844881740975,
        "mode_recovery": 1.0,
        "ess_frac_n": 0.004091224053204237,
        "ess_frac_2n": 0.003490933519406327,
        "stable": true,
        "logz": -0.11745507406796207,
        "d2_hat": 5.6575860944647065,
        "n2": 8192
      }
    },
    {
      "family": "gmm",
      "d": 8,
      "sw2_ref": 0.013972234924325398,
      "t1": {
        "passed": false,
        "sw2": 4.247409085532141,
        "ratio": 303.98924070031785,
        "mode_recovery": 0.75,
        "ess_frac_n": 0.0011286123221081292,
        "ess_frac_2n": 0.0009007409464929591,
        "stable": true,
        "logz": -0.8154901440620019,
        "d2_hat": 7.0122928594629546,
        "n2": 8192
      },
      "t5": {
        "passed": false,
        "sw2": 7.30469995636422,
        "ratio": 522.8011120573757,
        "mode_recovery": 0.75,
        "ess_frac_n": 0.0024748213463745474,
        "ess_frac_2n": 0.0021294498550575762,
        "stable": true,
        "logz": -1.3212098423116156,
        "d2_hat": 6.1518916166323905,
        "n2": 8192
      }
    },
    {
      "family": "dwell",
      "d": 2,
      "sw2_ref": 0.0010588361932054907,
      "t1": {
        "passed": false,
        "sw2": 1.0148374090760341,
        "ratio": 958.4460897617639,
        "mode_recovery": 1.0,
        "ess_frac_n": 0.04292718679579376,
        "ess_frac_2n": 0.014204717610935728,
        "stable": false,
        "logz": -0.2273797517083196,
        "d2_hat": 4.254181143427566,
        "n2": 8192
      },
      "t5": {
        "passed": false,
        "sw2": 15.982266513257208,
        "ratio": 15094.182287888127,
        "mode_recovery": 1.0,
        "ess_frac_n": 0.0005630663050424765,
        "ess_frac_2n": 0.0004953467966691251,
        "stable": true,
        "logz": -1.8879562863904837,
        "d2_hat": 7.610252441369163,
        "n2": 8192
      }
    },
    {
      "family": "dwell",
      "d": 2,
      "sw2_ref": 0.002541645836370436,
      "t1": {
        "passed": false,
        "sw2": 9.805470399608096,
        "ratio": 3857.9216109867884,
        "mode_recovery": 1.0,
        "ess_frac_n": 0.0002763400137703673,
        "ess_frac_2n": 0.00016712968602167113,
        "stable": false,
        "logz": 1.0390342200222644,
        "d2_hat": 8.696740483912539,
        "n2": 8192
      },
      "t5": {
        "passed": false,
        "sw2": 17.34603556531396,
        "ratio": 6824.725662834575,
        "mode_recovery": 1.0,
        "ess_frac_n": 0.0009423407293859444,
        "ess_frac_2n": 0.0010681733774942188,
        "stable": true,
        "logz": -0.033169415785817336,
        "d2_hat": 6.841805213141866,
        "n2": 8192
      }
    },
    {
      "family": "dwell",
      "d": 4,
      "sw2_ref": 0.001558912861310434,
      "t1": {
        "passed": false,
        "sw2": 25.895299994913167,
        "ratio": 16611.127303899066,
        "mode_recovery": 0.5,
        "ess_frac_n": 0.0005770543168543811,
        "ess_frac_2n": 0.000390306316237811,
        "stable": true,
        "logz": -0.6000928123005238,
        "d2_hat": 7.848578700875569,
        "n2": 8192
      },
      "t5": {
        "passed": false,
        "sw2": 1.543722755366209,
        "ratio": 990.2559621379631,
        "mode_recovery": 0.75,
        "ess_frac_n": 0.005154559206768209,
        "ess_frac_2n": 0.005335728861593889,
        "stable": true,
        "logz": 0.21389784165612014,
        "d2_hat": 5.233329784704464,
        "n2": 8192
      }
    },
    {
      "family": "dwell",
      "d": 4,
      "sw2_ref": 0.0012101402322565351,
      "t1": {
        "passed": false,
        "sw2": 7.069516130501376,
        "ratio": 5841.898271011887,
        "mode_recovery": 1.0,
        "ess_frac_n": 0.0003183453121225142,
        "ess_frac_2n": 0.0005426778168539611,
        "stable": false,
        "logz": -0.13903130051770063,
        "d2_hat": 7.518994753252802,
        "n2": 8192
      },
      "t5": {
        "passed": false,
        "sw2": 11.273801843099482,
        "ratio": 9316.111920415495,
        "mode_recovery": 0.5,
        "ess_frac_n": 0.0007911809529550801,
        "ess_frac_2n": 0.0001244712465815107,
        "stable": false,