{
  "gate": "i",
  "passed": true,
  "loss0": 11.856480506147921,
  "loss_end": 3.3621617827688794,
  "sw2": 0.0018859508365607113,
  "sw2_floor": 0.00233401749831262,
  "seconds": 28.1,
  "ess_frac_n": 0.9809380579765319,
  "ess_frac_2n": 0.9805594258951662,
  "stable": true,
  "logz": -0.0006018291959097866,
  "d2_hat": 0.019632027436093883,
  "n2": 16384
}