{
  "gate": "ii",
  "pairs": [
    {
      "pair": 0,
      "passed": true,
      "sw2": 0.0035846642910257213,
      "sw2_floor": 0.0017787110077939097,
      "sw2_wrong_context": 4.183252963245815,
      "ess_frac_n": 0.8176502429674549,
      "ess_frac_2n": 0.8133329902217963,
      "stable": true,
      "logz": -0.0007428644690730124,
      "d2_hat": 0.20661467122153537,
      "n2": 16384
    },
    {
      "pair": 1,
      "passed": true,
      "sw2": 0.001970688248517315,
      "sw2_floor": 0.001044235544141201,
      "sw2_wrong_context": 4.952954075019122,
      "ess_frac_n": 0.8549376013949523,
      "ess_frac_2n": 0.8306909107271718,
      "stable": true,
      "logz": 0.004112933316873679,
      "d2_hat": 0.1854975019001479,
      "n2": 16384
    }
  ],
  "seconds_train": 87.7,
  "passed": true
}