{
 "tag": "200k",
 "ckpt": "results/gate3e_params.pkl",
 "targets": {
  "eight_schools": {
   "ref_rhat_max": 1.0000199604276516,
   "ref_seconds": 37.08843159675598,
   "T1": {
    "sw2_vs_ref": 0.09078624888318314,
    "allin_seconds": 7.135784149169922,
    "cert_eff_per_s": 96.52310032155349,
    "ess_frac_n": 0.07258004933888927,
    "ess_frac_2n": 0.08407812613565424,
    "stable": true,
    "logz": -31.34843671066437,
    "d2_hat": 2.4760088393452584,
    "n2": 8192
   },
   "T5": {
    "sw2_vs_ref": 2.9726800908498228,
    "allin_seconds": 1.6364240646362305,
    "cert_eff_per_s": 4.133733877063747,
    "ess_frac_n": 0.0010362605613204138,
    "ess_frac_2n": 0.0008257497062047291,
    "stable": true,
    "logz": -31.51755399572937,
    "d2_hat": 7.099218849485471,
    "n2": 8192
   }
  },
  "gym_banana": {
   "ref_rhat_max": 1.0,
   "ref_seconds": 0.0,
   "T1": {
    "sw2_vs_ref": 10.54777252397017,
    "allin_seconds": 2.034363269805908,
    "cert_eff_per_s": 1.2318157912382028,
    "ess_frac_n": 0.19955384043179858,
    "ess_frac_2n": 0.0003059034180739627,
    "stable": false,
    "logz": 0.928953113178812,
    "d2_hat": 8.092241133041917,
    "n2": 8192
   },
   "T5": {
    "sw2_vs_ref": 20.74608627159741,
    "allin_seconds": 1.636897087097168,
    "cert_eff_per_s": 65.84802211164747,
    "ess_frac_n": 0.008469084729878425,
    "ess_frac_2n": 0.013157523875203326,
    "stable": true,
    "logz": -0.15745891658458433,
    "d2_hat": 4.3307615261680965,
    "n2": 8192
   }
  },
  "wl_bandpower": {
   "ref_rhat_max": 1.0001068733460223,
   "ref_seconds": 85.12545347213745,
   "T1": {
    "sw2_vs_ref": 15.4866290679233,
    "allin_seconds": 3.085974931716919,
    "cert_eff_per_s": 0.3240467022989194,
    "ess_frac_n": 0.00024414062500000016,
    "ess_frac_2n": 0.00012207031250000008,
    "stable": false,
    "logz": -324.91843551361364,
    "d2_hat": 9.010913347279288,
    "n2": 8192,
    "theta_mean_gen": [
     0.23235722156337815,
     0.9697210373540612,
     0.9226361119323274
    ],
    "theta_mean_ref": [
     0.301883112339824,
     0.7976897709188809,
     0.9612360124221071
    ],
    "theta_sd_gen": [
     0.026134029614068077,
     0.01296492735520141,
     0.054418506351367114
    ],
    "theta_sd_ref": [
     0.003177933167155678,
     0.004136697822768393,
     0.0037606179949848722
    ]
   },
   "T5": {
    "sw2_vs_ref": 8.411957871541615,
    "allin_seconds": 1.650059700012207,
    "cert_eff_per_s": 0.6060462697939379,
    "ess_frac_n": 0.0002441406250726504,
    "ess_frac_2n": 0.00012207184156856718,
    "stable": false,
    "logz": -176.8980926961672,
    "d2_hat": 9.010900821228038,
    "n2": 8192,
    "theta_mean_gen": [
     0.20091039063450233,
     0.820078811089147,
     1.0128186861156705
    ],
    "theta_mean_ref": [
     0.301883112339824,
     0.7976897709188809,
     0.9612360124221071
    ],
    "theta_sd_gen": [
     0.02818502633402045,
     0.0662721394030165,
     0.00913978702474626
    ],
    "theta_sd_ref": [
     0.003177933167155678,
     0.004136697822768393,
     0.0037606179949848722
    ]
   }
  }
 }
}