{
 "tag": "200k",
 "ckpt": "results/gate3e_params.pkl",
 "compile_seconds": 7.99397087097168,
 "rows": [
  {
   "family": "gmm",
   "d": 2,
   "idx": 0,
   "sw2": 5.728595281420255,
   "allin_seconds": 1.6316635608673096,
   "mode_recovery": 0.7142857142857143,
   "cert_eff_per_s": 745.9388184923004,
   "b4_sw2": 29.845267885440066,
   "b4_allin_seconds": 25.53266406059265,
   "b4_rate_upper": 320.84391901131886,
   "crossover": true,
   "ess_frac_n": 0.18394567125151443,
   "ess_frac_2n": 0.14857436386356207,
   "stable": true,
   "logz": -0.040682153809608934,
   "d2_hat": 1.906669679323219,
   "n2": 8192
  },
  {
   "family": "gmm",
   "d": 4,
   "idx": 0,
   "sw2": 1.92627424403423,
   "allin_seconds": 2.569950819015503,
   "mode_recovery": 0.5,
   "cert_eff_per_s": 1.4678205977571415,
   "b4_sw2": 0.7879939062466571,
   "b4_allin_seconds": 30.12278461456299,
   "b4_rate_upper": 271.95360936317763,
   "crossover": false,
   "ess_frac_n": 0.0006313773206229229,
   "ess_frac_2n": 0.0004604768978727772,
   "stable": true,
   "logz": 0.4214162604678613,
   "d2_hat": 7.683247871013169,
   "n2": 8192
  },
  {
   "family": "dwell",
   "d": 2,
   "idx": 0,
   "sw2": 1.3050480671129687,
   "allin_seconds": 1.9559221267700195,
   "mode_recovery": 0.75,
   "cert_eff_per_s": 80.65493512130108,
   "b4_sw2": 0.8146425896874236,
   "b4_allin_seconds": 19.135327577590942,
   "b4_rate_upper": 428.1086888522103,
   "crossover": false,
   "ess_frac_n": 0.03665086173643436,
   "ess_frac_2n": 0.019257174345331196,
   "stable": false,
   "logz": -0.22567198106155573,
   "d2_hat": 3.949871594417269,
   "n2": 8192
  }
 ]
}