{
 "tag": "2M",
 "ckpt": "/scratch/tersenov/ics-zoo/ckpt_2m_step2000000.pkl",
 "targets": {
  "eight_schools": {
   "ref_rhat_max": 1.0000199604276516,
   "ref_seconds": 37.08843159675598,
   "T1": {
    "sw2_vs_ref": 0.2827592896336647,
    "allin_seconds": 7.109982013702393,
    "cert_eff_per_s": 110.05895721331254,
    "ess_frac_n": 0.1046509218487473,
    "ess_frac_2n": 0.09552211990154948,
    "stable": true,
    "logz": -31.345820958959216,
    "d2_hat": 2.3483974363099342,
    "n2": 8192
   },
   "T5": {
    "sw2_vs_ref": 3.6767243113119017,
    "allin_seconds": 1.6384382247924805,
    "cert_eff_per_s": 1.4898610101044494,
    "ess_frac_n": 0.0004467429764366534,
    "ess_frac_2n": 0.00029797915387976876,
    "stable": true,
    "logz": -31.411418288002473,
    "d2_hat": 8.11848702732932,
    "n2": 8192
   }
  },
  "gym_banana": {
   "ref_rhat_max": 1.0,
   "ref_seconds": 0.0,
   "T1": {
    "sw2_vs_ref": 15.572003104235545,
    "allin_seconds": 2.0327701568603516,
    "cert_eff_per_s": 1333.7260717375848,
    "ess_frac_n": 0.3138823806417172,
    "ess_frac_2n": 0.33095197217465216,
    "stable": true,
    "logz": -0.1816989163461269,
    "d2_hat": 1.1057820133032124,
    "n2": 8192
   },
   "T5": {
    "sw2_vs_ref": 25.39677610001379,
    "allin_seconds": 1.6461498737335205,
    "cert_eff_per_s": 94.75939629876022,
    "ess_frac_n": 0.012187605558196878,
    "ess_frac_2n": 0.019041524444857027,
    "stable": true,
    "logz": -0.1592045578654009,
    "d2_hat": 3.961133187442833,
    "n2": 8192
   }
  },
  "wl_bandpower": {
   "ref_rhat_max": 1.0001068733460223,
   "ref_seconds": 85.12545347213745,
   "T1": {
    "sw2_vs_ref": 12.46400031270203,
    "allin_seconds": 3.1144425868988037,
    "cert_eff_per_s": 0.3219025175476427,
    "ess_frac_n": 0.0002447623066425054,
    "ess_frac_2n": 0.00012238121453617162,
    "stable": false,
    "logz": -85.37326983568693,
    "d2_hat": 9.008369675676366,
    "n2": 8192,
    "theta_mean_gen": [
     0.2265036869418416,
     0.8441460591820977,
     0.9222532065198524
    ],
    "theta_mean_ref": [
     0.301883112339824,
     0.7976897709188809,
     0.9612360124221071
    ],
    "theta_sd_gen": [
     0.050881378281256454,
     0.051716369349765666,
     0.06014719977317952
    ],
    "theta_sd_ref": [
     0.003177933167155678,
     0.004136697822768393,
     0.0037606179949848722
    ]
   },
   "T5": {
    "sw2_vs_ref": 10.058764966843903,
    "allin_seconds": 1.644193410873413,
    "cert_eff_per_s": 0.6082009533591246,
    "ess_frac_n": 0.00024414062500000016,
    "ess_frac_2n": 0.00012207031250000008,
    "stable": false,
    "logz": -324.9173614725777,
    "d2_hat": 9.010913347279288,
    "n2": 8192,
    "theta_mean_gen": [
     0.1733763005998446,
     0.865980354850925,
     1.0129038471104568
    ],
    "theta_mean_ref": [
     0.301883112339824,
     0.7976897709188809,
     0.9612360124221071
    ],
    "theta_sd_gen": [
     0.010594302393301547,
     0.07108849533070714,
     0.006289419059150173
    ],
    "theta_sd_ref": [
     0.003177933167155678,
     0.004136697822768393,
     0.0037606179949848722
    ]
   }
  }
 }
}